assignment;containerid;licenseplatenumber;action;planningstatus;starttime;endtime;terminalid;etat
BPA_108496;TCLU 342726/8;73-BHS-1;Pick up;FINISHED;2014-10-29 15:06:00;2014-10-29 15:06:00;CombinedContainers;2000-01-01 0:00:00
BPA_108221;TGHU 364615/7;20-BXU-6;Depose;FINISHED;2014-10-29 16:15:00;2014-10-29 16:15:00;CombinedContainers;2014-10-29 16:01:01
BPA_108079;KKTU 768925/5;83-BZS-7;Depose;FINISHED;2014-10-29 17:26:00;2014-10-29 17:26:00;CombinedContainers;2014-10-29 17:05:41
BPA_108450;TCLU 436097/6;20-BXU-6;Depose;FINISHED;2014-10-30 5:52:00;2014-10-30 5:52:00;CombinedContainers;2014-10-30 5:51:08
BPA_108794;MEDU 159420/8;65-BIA-4;Depose;FINISHED;2014-10-30 9:58:00;2014-10-30 9:58:00;CombinedContainers;2014-10-30 9:47:10
BPA_108729;MEDU 629116/4;51-BLD-9;Depose;FINISHED;2014-10-30 10:07:00;2014-10-30 10:07:00;CombinedContainers;2014-10-30 9:10:29
BPA_108865;MSCU 352222/1;86-BID-9;Depose;FINISHED;2014-10-30 14:51:00;2014-10-30 14:51:00;CombinedContainers;2014-10-30 13:10:43
BPA_109163;YMLU 641749/0;16-BHT-8;Depose;FINISHED;2014-10-31 13:17:00;2014-10-31 13:17:00;CombinedContainers;0001-01-01 00:00:00
BPA_109190;HOTU 161201/5;43-BVG-8;Pick up;FINISHED;2014-10-31 13:41:00;2014-10-31 13:41:00;CombinedContainers;2014-10-31 10:28:39
BPA_1026463;CBHU 869801/3;86-BID-9;Depose;FINISHED;2014-10-31 14:58:51;2014-10-31 14:58:51;CombinedContainers;2014-10-31 14:35:42
BPA_109186;CRSU 928323/2;26-BVZ-0;Depose;FINISHED;2014-10-31 15:23:00;2014-10-31 15:23:00;CombinedContainers;2014-11-03 0:00:00
BPA_1026580;MNBU 312164/8;15-BTE-0;Depose;FINISHED;2014-10-31 15:54:20;2014-10-31 15:54:20;CombinedContainers;2014-11-01 3:00:00
BPA_109367;CPVU 011078/8;98-BSS-6;Pick up;BUSY;2014-10-31 15:59:00;2014-10-31 15:59:00;CombinedContainers;2014-10-31 15:40:43
BPA_1026656;GESU 454157/0;10-BLG-2;Depose;FINISHED;2014-10-31 15:20:05;2014-10-31 15:20:05;CombinedContainers;2014-10-31 22:00:00
BPA_1026535;PONU 032768/4;76-BTE-8;Depose;FINISHED;2014-10-31 16:14:57;2014-10-31 16:14:57;CombinedContainers;2014-10-31 17:00:00
BPA_1026677;TCLU 190485/0;42-BJE-0;Depose;FINISHED;2014-10-31 16:15:33;2014-10-31 16:15:33;CombinedContainers;2014-10-31 15:29:25
BPA_109102;TCNU 879779/2;32-BZR-5;Depose;FINISHED;2014-10-31 16:32:00;2014-10-31 16:32:00;CombinedContainers;2014-11-03 22:59:00
BPA_1026657;EXFU 052698/9;74-BBY-2;Pick up;FINISHED;2014-10-31 16:28:52;2014-10-31 16:28:52;CombinedContainers;2014-10-31 14:49:23
BPA_109189;CAXU 699297/2;86-BID-9;Depose;FINISHED;2014-10-31 17:00:00;2014-10-31 17:00:00;CombinedContainers;2014-11-04 21:00:00
BPA_109333;DFSU 249950/4;91-BJM-7;Pick up;FINISHED;2014-10-31 17:38:00;2014-10-31 17:38:00;CombinedContainers;2014-10-31 14:53:55
BPA_109301;EISU 226792/7;14-BFU-7;Pick up;FINISHED;2014-10-31 17:50:00;2014-10-31 17:50:00;CombinedContainers;2014-10-31 14:24:54
BPA_109330;EGSU 309648/7;38-BOF-0;Pick up;FINISHED;2014-10-31 17:43:00;2014-10-31 17:43:00;CombinedContainers;2014-10-31 20:40:30
BPA_108967;CAXU 323710/8;35-BLC-5;Depose;FINISHED;2014-10-31 18:26:00;2014-10-31 18:26:00;CombinedContainers;2014-11-04 21:00:00
BPA_1026460;HDMU 558965/7;16-BHT-8;Depose;FINISHED;2014-10-31 18:06:19;2014-10-31 18:06:19;CombinedContainers;2014-10-31 18:09:52
BPA_109474;IPXU 370651/5;#REF!;Depose;BUSY;2014-10-31 18:03:00;2014-10-31 18:03:00;CombinedContainers;2014-11-04 21:00:00
BPA_109142;CXDU 217995/6;83-BMD-6;Depose;FINISHED;2014-10-31 18:58:00;2014-10-31 18:58:00;CombinedContainers;2014-10-31 17:54:07
BPA_109397;TRIU 858067/5;73-BHS-1;Pick up;FINISHED;2014-10-31 18:58:00;2014-10-31 18:58:00;CombinedContainers;2014-10-31 16:06:45
BPA_1026577;HDMU 558099/0;69-BZX-6;Depose;FINISHED;2014-10-31 19:01:37;2014-10-31 19:01:37;CombinedContainers;2014-10-31 19:00:00
BPA_1026668;EITU 132082/5;43-BVG-8;Pick up;FINISHED;2014-10-31 19:02:22;2014-10-31 19:02:22;CombinedContainers;2014-10-31 15:05:24
BPA_1026716;EISU 997319/1;86-BID-9;Pick up;FINISHED;2014-10-31 17:41:40;2014-10-31 17:41:40;CombinedContainers;2014-10-31 17:26:26
BPA_109047;BMOU 289138/6;87-BVN-9;Depose;FINISHED;2014-10-31 21:01:00;2014-10-31 21:01:00;CombinedContainers;2014-11-05 23:00:00
BPA_109044;NYKU 294132/9;10-BLG-2;Depose;FINISHED;2014-10-31 20:50:00;2014-10-31 20:50:00;CombinedContainers;2014-10-31 18:00:00
BPA_109394;TEMU 923473/0;69-BZX-6;Depose;FINISHED;2014-11-03 11:13:00;2014-11-03 11:13:00;CombinedContainers;2014-11-03 14:59:00
BPA_109423;TRIU 898754/7;58-BMA-8;Depose;FINISHED;2014-11-03 11:07:00;2014-11-03 11:07:00;CombinedContainers;2014-11-04 8:21:47
BPA_109596;HOTU 241625/4;38-BOF-0;Pick up;FINISHED;2014-11-03 12:16:00;2014-11-03 12:16:00;CombinedContainers;2014-11-03 10:21:09
BPA_109575;MEDU 364285/6;76-BTE-8;Depose;FINISHED;2014-11-03 11:29:00;2014-11-03 11:29:00;CombinedContainers;2014-11-03 9:24:58
BPA_109516;TRIU 858067/5;69-BZX-6;Depose;FINISHED;2014-11-03 12:18:00;2014-11-03 12:18:00;CombinedContainers;2014-11-03 19:59:00
BPA_109428;MSCU 924471/9;38-BOF-0;Depose;FINISHED;2014-11-03 12:36:00;2014-11-03 12:36:00;CombinedContainers;2014-11-03 11:48:55
BPA_109567;SEGU 141557/2;15-BTE-0;Pick up;FINISHED;2014-11-03 12:30:00;2014-11-03 12:30:00;CombinedContainers;2014-11-03 9:23:20
BPA_109771;NYKU 311759/8;26-BVZ-0;Pick up;FINISHED;2014-11-04 6:19:00;2014-11-04 6:19:00;CombinedContainers;2014-11-03 15:23:11
BPA_109768;TRLU 976406/0;91-BJM-7;Pick up;FINISHED;2014-11-04 5:57:00;2014-11-04 5:57:00;CombinedContainers;2014-11-03 15:23:00
BPA_109878;CRXU 331348/1;12-BLK-7;Pick up;FINISHED;2014-11-04 8:37:00;2014-11-04 8:37:00;CombinedContainers;2014-11-03 16:38:01
BPA_109875;FCIU 308483/3;50-BOS-7;Pick up;FINISHED;2014-11-04 7:47:00;2014-11-04 7:47:00;CombinedContainers;2014-11-03 16:37:50
BPA_109277;TCKU 143004/9;#REF!;Depose;FINISHED;2014-11-04 7:31:00;2014-11-04 7:31:00;CombinedContainers;2014-11-04 12:00:00
BPA_109648;NYKU 347059/0;42-BJE-0;Depose;FINISHED;2014-11-03 16:36:00;2014-11-03 16:36:00;CombinedContainers;2014-11-03 23:00:00
BPA_109272;CAXU 692722/0;95-BJL-3;Depose;FINISHED;2014-11-03 17:21:00;2014-11-03 17:21:00;CombinedContainers;2014-11-04 21:00:00
BPA_109821;TCLU 736159/6;83-BZS-7;Pick up;FINISHED;2014-11-03 15:46:00;2014-11-03 15:46:00;CombinedContainers;2014-11-03 15:36:48
BPA_109727;HLXU 803495/0;73-BHS-1;Pick up;FINISHED;2014-11-04 8:26:00;2014-11-04 8:26:00;CombinedContainers;2014-11-03 14:34:58
BPA_109810;TRHU 150415/5;10-BLG-2;Depose;FINISHED;2014-11-03 16:28:00;2014-11-03 16:28:00;CombinedContainers;2014-11-03 15:29:25
BPA_109884;TASU 214505/9;11-BJP-0;Pick up;FINISHED;2014-11-04 5:15:00;2014-11-04 5:15:00;CombinedContainers;2014-11-03 16:46:02
BPA_109617;EMCU 321629/0;73-BHS-1;Pick up;FINISHED;2014-11-03 13:31:00;2014-11-03 13:31:00;CombinedContainers;2014-11-03 11:14:44
BPA_109746;IMTU 910304/8;38-BOF-0;Depose;FINISHED;2014-11-04 13:04:00;2014-11-04 13:04:00;CombinedContainers;2014-11-06 15:59:00
BPA_109691;EGHU 902286/8;20-BXU-6;Pick up;BUSY;2014-11-04 6:58:00;2014-11-04 6:58:00;CombinedContainers;2014-11-03 14:02:48
BPA_109524;CAXU 334326/5;15-BTE-0;Depose;FINISHED;2014-11-03 15:50:00;2014-11-03 15:50:00;CombinedContainers;2014-11-04 21:00:00
BPA_109716;TGHU 903151/9;74-BBY-2;Pick up;FINISHED;2014-11-03 16:12:00;2014-11-03 16:12:00;CombinedContainers;2014-11-03 14:28:10
BPA_109627;SUTU 263997/0;52-BNT-4;Pick up;FINISHED;2014-11-03 13:18:00;2014-11-03 13:18:00;CombinedContainers;2014-11-03 12:32:15
BPA_109738;MEDU 914773/6;50-BOS-7;Depose;FINISHED;2014-11-03 16:43:00;2014-11-03 16:43:00;CombinedContainers;2014-11-03 19:59:00
BPA_109938;CXTU 113693/0;35-BLC-5;Pick up;FINISHED;2014-11-04 4:08:00;2014-11-04 4:08:00;CombinedContainers;2014-11-03 17:23:06
BPA_109592;EMCU 985958/7;83-BMD-6;Depose;FINISHED;2014-11-03 18:46:00;2014-11-03 18:46:00;CombinedContainers;2014-11-03 10:17:51
BPA_109898;TCKU 470830/2;77-BEW-5;Pick up;FINISHED;2014-11-03 19:32:00;2014-11-03 19:32:00;CombinedContainers;2014-11-03 16:57:51
BPA_109734;IMTU 306415/5;91-BJM-7;Pick up;FINISHED;2014-11-03 16:56:00;2014-11-03 16:56:00;CombinedContainers;2014-11-03 14:36:48
BPA_109895;CXTU 113694/6;17-BFU-6;Pick up;BUSY;2014-11-03 16:57:00;2014-11-03 16:57:00;CombinedContainers;2014-11-03 16:55:50
BPA_109952;MEDU 912747/3;95-BJL-3;Depose;FINISHED;2014-11-03 17:35:00;2014-11-03 17:35:00;CombinedContainers;2014-11-03 19:59:00
BPA_109656;UTCU 497028/2;11-BJP-0;Pick up;FINISHED;2014-11-03 14:09:00;2014-11-03 14:09:00;CombinedContainers;2014-11-03 6:00:00
BPA_109702;CXTU 113668/0;24-BMD-6;Pick up;FINISHED;2014-11-03 15:32:00;2014-11-03 15:32:00;CombinedContainers;2014-11-03 14:18:47
BPA_109747;FCIU 295905/7;45-BUE-2;Pick up;FINISHED;2014-11-03 16:14:00;2014-11-03 16:14:00;CombinedContainers;2014-11-03 14:48:14
BPA_109864;TCLU 273381/2;83-BMD-6;Pick up;FINISHED;2014-11-04 5:13:00;2014-11-04 5:13:00;CombinedContainers;2014-11-03 16:31:46
BPA_1026847;MRKU 031951/6;20-BXU-6;Depose;FINISHED;2014-11-04 7:55:47;2014-11-04 7:55:47;CombinedContainers;2014-11-03 15:49:24
BPA_1026762;DRYU 914699/8;69-BZX-6;Depose;FINISHED;2014-11-03 16:53:35;2014-11-03 16:53:35;CombinedContainers;2014-11-05 11:00:00
BPA_1026821;MSKU 925816/2;38-BOF-0;Pick up;FINISHED;2014-11-03 18:05:16;2014-11-03 18:05:16;CombinedContainers;2014-11-03 14:52:21
BPA_1026648;GESU 629833/0;97-BOV-1;Depose;FINISHED;2014-11-03 16:27:45;2014-11-03 16:27:45;CombinedContainers;2014-11-05 11:00:00
BPA_1026867;HJCU 129100/6;35-BLC-5;Pick up;FINISHED;2014-11-03 17:56:17;2014-11-03 17:56:17;CombinedContainers;2014-11-03 15:57:25
BPA_1026864;MRKU 247383/4;73-BHS-1;Pick up;FINISHED;2014-11-03 18:21:06;2014-11-03 18:21:06;CombinedContainers;2014-11-03 15:57:22
BPA_1026786;OOLU 981669/3;50-BOS-7;Depose;FINISHED;2014-11-03 17:31:31;2014-11-03 17:31:31;CombinedContainers;2014-11-03 15:00:00
BPA_1026774;SEGU 451841/9;16-BHT-8;Depose;FINISHED;2014-11-03 14:14:30;2014-11-03 14:14:30;CombinedContainers;2014-11-04 17:00:00
BPA_1026806;FCIU 912252/4;11-BJP-0;Pick up;FINISHED;2014-11-03 14:20:38;2014-11-03 14:20:38;CombinedContainers;2014-11-03 13:35:19
BPA_109999;TEMU 641172/4;16-BHT-8;Pick up;FINISHED;2014-11-04 11:04:00;2014-11-04 11:04:00;CombinedContainers;2014-11-04 9:12:05
BPA_109685;WECU 206589/0;60-BZS-4;Depose;FINISHED;2014-11-04 11:49:00;2014-11-04 11:49:00;CombinedContainers;2014-11-04 21:00:00
BPA_109849;YMLU 873786/8;87-BVN-9;Depose;FINISHED;2014-11-04 11:21:00;2014-11-04 11:21:00;CombinedContainers;2014-11-04 0:00:00
BPA_109844;GESU 142506/7;69-BZX-6;Pick up;FINISHED;2014-11-04 12:47:00;2014-11-04 12:47:00;CombinedContainers;2014-11-03 15:51:49
BPA_110062;CLHU 374781/4;91-BJM-7;Pick up;FINISHED;2014-11-04 12:40:00;2014-11-04 12:40:00;CombinedContainers;2014-11-04 14:16:06
BPA_110065;NYKU 366878/0;17-BFU-6;Pick up;FINISHED;2014-11-04 13:19:00;2014-11-04 13:19:00;CombinedContainers;2014-11-04 14:16:06
BPA_110071;TCLU 676482/7;91-BJM-7;Pick up;FINISHED;2014-11-04 15:10:00;2014-11-04 15:10:00;CombinedContainers;2014-11-04 12:27:19
BPA_1026837;INKU 258930/8;83-BZS-7;Depose;FINISHED;2014-11-04 15:23:52;2014-11-04 15:23:52;CombinedContainers;2014-11-04 15:39:31
BPA_109712;MOFU 580205/6;65-BEC-7;Depose;FINISHED;2014-11-04 15:02:00;2014-11-04 15:02:00;CombinedContainers;2014-11-10 7:00:00
BPA_1026791;TRLU 646995/0;32-BZR-5;Depose;FINISHED;2014-11-04 15:25:41;2014-11-04 15:25:41;CombinedContainers;2014-11-09 2:00:00
BPA_109997;NYKU 827303/7;24-BMD-6;Depose;FINISHED;2014-11-04 16:27:00;2014-11-04 16:27:00;CombinedContainers;2014-11-05 22:59:00
BPA_109969;TGHU 175592/4;24-BMD-6;Depose;FINISHED;2014-11-04 16:16:00;2014-11-04 16:16:00;CombinedContainers;2014-11-04 16:22:01
BPA_1026896;HLXU 538704/4;61-BOF-0;Depose;FINISHED;2014-11-04 16:57:53;2014-11-04 16:57:53;CombinedContainers;2014-11-09 2:00:00
BPA_1026937;MRKU 312264/4;35-BLC-5;Depose;BUSY;2014-11-04 17:17:01;2014-11-04 17:17:01;CombinedContainers;2014-11-04 9:11:38
BPA_1026985;MWCU 621429/0;73-BOL-5;Depose;FINISHED;2014-11-04 17:19:55;2014-11-04 17:19:55;CombinedContainers;2014-11-05 12:00:00
BPA_110151;CXTU 113696/7;73-BOL-5;Pick up;FINISHED;2014-11-04 17:06:00;2014-11-04 17:06:00;CombinedContainers;2014-11-04 14:19:34
BPA_110154;CXTU 113703/2;67-BAB-3;Pick up;FINISHED;2014-11-04 17:33:00;2014-11-04 17:33:00;CombinedContainers;2014-11-04 14:19:45
BPA_109733;CAXU 333027/3;98-BSS-6;Depose;FINISHED;2014-11-04 17:33:00;2014-11-04 17:33:00;CombinedContainers;2014-11-04 21:00:00
BPA_1026914;MRKU 348983/5;65-BIA-4;Depose;FINISHED;2014-11-04 17:59:02;2014-11-04 17:59:02;CombinedContainers;2014-11-03 17:23:24
BPA_1027026;TGHU 238658/5;#REF!;Pick up;FINISHED;2014-11-04 17:59:18;2014-11-04 17:59:18;CombinedContainers;2014-11-04 15:30:40
BPA_110168;FSCU 502233/6;50-BOS-7;Pick up;FINISHED;2014-11-04 18:45:00;2014-11-04 18:45:00;CombinedContainers;2014-11-04 14:23:09
BPA_110210;EITU 014876/9;#REF!;Pick up;FINISHED;2014-11-04 18:00:00;2014-11-04 18:00:00;CombinedContainers;2014-11-04 18:47:26
BPA_110255;WECU 211169/8;72-BTI-3;Depose;FINISHED;2014-11-04 19:18:00;2014-11-04 19:18:00;CombinedContainers;2014-11-04 19:17:33
BPA_109874;MEDU 385860/8;10-BLG-2;Depose;FINISHED;2014-11-04 14:50:00;2014-11-04 14:50:00;CombinedContainers;2014-11-04 19:09:45
BPA_110257;TEMU 413964/3;52-BNT-4;Depose;FINISHED;2014-11-04 19:37:00;2014-11-04 19:37:00;CombinedContainers;2014-11-04 20:18:42
BPA_110240;WHLU 044301/5;73-BHS-1;Pick up;FINISHED;2014-11-04 19:44:00;2014-11-04 19:44:00;CombinedContainers;2014-11-04 19:09:45
BPA_110246;EGSU 906375/2;51-BLD-9;Pick up;FINISHED;2014-11-04 19:45:00;2014-11-04 19:45:00;CombinedContainers;2014-11-04 22:43:29
BPA_109855;SEGU 800431/5;15-BTE-0;Depose;FINISHED;2014-11-04 21:38:00;2014-11-04 21:38:00;CombinedContainers;2014-11-07 0:00:00
BPA_1027125;ARDU 205197/5;65-BIA-4;Pick up;BUSY;2014-11-05 4:44:59;2014-11-05 4:44:59;CombinedContainers;2014-11-04 17:25:47
BPA_110098;TCLU 646073/7;83-BMD-6;Pick up;FINISHED;2014-11-05 5:17:00;2014-11-05 5:17:00;CombinedContainers;2014-11-04 13:47:10
BPA_110207;FCIU 845159/3;12-BLK-7;Pick up;BUSY;2014-11-05 5:45:00;2014-11-05 5:45:00;CombinedContainers;2014-11-04 15:43:11
BPA_110234;GLDU 314543/6;14-BFU-7;Pick up;FINISHED;2014-11-05 7:53:00;2014-11-05 7:53:00;CombinedContainers;2014-11-05 8:24:16
BPA_1027142;CONTAINER_ID;24-BMD-6;Depose;BUSY;2014-11-05 11:31:53;2014-11-05 11:31:53;CombinedContainers;2014-11-05 0:00:00
BPA_110075;SEGU 141557/2;91-BJM-7;Depose;FINISHED;2014-11-05 12:07:00;2014-11-05 12:07:00;CombinedContainers;2014-11-05 13:19:47
BPA_1027031;MNBU 006330/0;50-BOS-7;Depose;FINISHED;2014-11-05 15:37:00;2014-11-05 15:37:00;CombinedContainers;2014-11-04 15:30:47
BPA_110032;CAXU 639358/9;50-BOS-7;Depose;FINISHED;2014-11-05 17:28:00;2014-11-05 17:28:00;CombinedContainers;2014-11-05 17:26:14
BPA_110310;CAXU 805075/8;45-BUE-2;Depose;FINISHED;2014-11-05 10:12:00;2014-11-05 10:12:00;CombinedContainers;2014-11-05 16:24:12
BPA_110092;MSCU 763106/7;65-BEC-7;Pick up;FINISHED;2014-11-06 15:01:00;2014-11-06 15:01:00;CombinedContainers;2014-11-04 13:38:08
BPA_1027593;DFSU 624731/0;19-BQW-6;Depose;FINISHED;2014-11-07 13:54:25;2014-11-07 13:54:25;CombinedContainers;2014-11-08 0:00:00
BPA_111213;BMOU 230156/1;32-BZR-5;Depose;FINISHED;2014-11-07 13:22:00;2014-11-07 13:22:00;CombinedContainers;2014-11-07 11:11:19
BPA_111234;KKTU 707809/2;75-BUV-8;Depose;FINISHED;2014-11-07 14:19:00;2014-11-07 14:19:00;CombinedContainers;2014-11-07 12:41:17
BPA_1027542;TEMU 374076/8;25-BAE-4;Depose;FINISHED;2014-11-07 13:54:23;2014-11-07 13:54:23;CombinedContainers;2014-11-08 15:00:00
BPA_1027609;TEMU 783661/5;74-BBY-2;Depose;FINISHED;2014-11-07 14:25:25;2014-11-07 14:25:25;CombinedContainers;2014-11-07 10:40:39
BPA_1027491;MRKU 994825/3;42-BJE-0;Depose;FINISHED;2014-11-07 14:33:27;2014-11-07 14:33:27;CombinedContainers;2014-11-13 1:00:00
BPA_1027647;TCLU 888048/8;25-BAE-4;Pick up;FINISHED;2014-11-07 14:46:56;2014-11-07 14:46:56;CombinedContainers;2014-11-07 13:31:35
BPA_111203;GESU 958794/8;42-BJE-0;Depose;FINISHED;2014-11-07 14:47:00;2014-11-07 14:47:00;CombinedContainers;2014-11-07 14:34:20
BPA_1027619;PONU 289271/9;77-BEW-5;Depose;FINISHED;2014-11-07 14:47:39;2014-11-07 14:47:39;CombinedContainers;2014-11-07 11:46:38
BPA_1027649;HGTU 961192/9;10-BSY-2;Pick up;FINISHED;2014-11-07 15:07:25;2014-11-07 15:07:25;CombinedContainers;2014-11-07 14:03:36
BPA_1027442;MNBU 009950/9;35-BLC-5;Depose;FINISHED;2014-11-07 15:21:17;2014-11-07 15:21:17;CombinedContainers;2014-11-09 0:00:00
BPA_1027569;MOFU 680173/2;61-BOF-0;Depose;FINISHED;2014-11-07 15:23:34;2014-11-07 15:23:34;CombinedContainers;2014-11-08 0:00:00
BPA_110941;TCNU 565349/3;86-BID-9;Depose;FINISHED;2014-11-07 15:35:00;2014-11-07 15:35:00;CombinedContainers;2014-11-07 19:00:00
BPA_111255;NYKU 339056/0;15-BTE-0;Pick up;FINISHED;2014-11-07 15:47:00;2014-11-07 15:47:00;CombinedContainers;2014-11-07 16:38:15
BPA_1027545;MOFU 041266/7;12-BLK-7;Depose;FINISHED;2014-11-07 14:55:28;2014-11-07 14:55:28;CombinedContainers;2014-11-08 15:00:00
BPA_1027673;MSKU 457444/5;32-BZR-5;Pick up;FINISHED;2014-11-07 16:08:05;2014-11-07 16:08:05;CombinedContainers;2014-11-07 14:51:36
BPA_111292;HGTU 261078/8;20-BXU-6;Pick up;FINISHED;2014-11-07 16:01:00;2014-11-07 16:01:00;CombinedContainers;2014-11-07 15:01:16
BPA_111225;FSCU 565515/0;65-BIA-4;Depose;FINISHED;2014-11-07 16:34:00;2014-11-07 16:34:00;CombinedContainers;2014-11-07 20:00:00
BPA_111273;TRLU 650543/0;76-BTE-8;Pick up;FINISHED;2014-11-07 17:16:00;2014-11-07 17:16:00;CombinedContainers;2014-11-07 14:02:36
BPA_111308;SIMU 706908/4;73-BOL-5;Depose;FINISHED;2014-11-12 7:42:00;2014-11-12 7:42:00;CombinedContainers;2014-11-15 6:54:59
BPA_110933;WHLU 260614/8;15-BTE-0;Depose;FINISHED;2014-11-07 16:45:00;2014-11-07 16:45:00;CombinedContainers;2014-11-07 15:55:34
BPA_111245;KKFU 145097/3;42-BJE-0;Pick up;FINISHED;2014-11-07 16:52:00;2014-11-07 16:52:00;CombinedContainers;2014-11-07 13:24:13
BPA_111164;EISU 217950/7;66-BMZ-2;Depose;FINISHED;2014-11-07 17:33:00;2014-11-07 17:33:00;CombinedContainers;2014-11-07 18:00:00
BPA_110951;ECMU 160424/0;61-BOF-0;Depose;FINISHED;2014-11-07 17:42:00;2014-11-07 17:42:00;CombinedContainers;2014-11-07 18:22:51
BPA_111325;GLDU 557075/3;73-BHS-1;Pick up;FINISHED;2014-11-07 17:34:00;2014-11-07 17:34:00;CombinedContainers;2014-11-07 6:00:00
BPA_111481;TEMU 345573/4;55-BKA-3;Pick up;FINISHED;2014-11-07 18:01:00;2014-11-07 18:01:00;CombinedContainers;2014-11-07 17:58:16
BPA_111345;TRLU 971744/8;66-BMZ-2;Pick up;FINISHED;2014-11-07 17:10:00;2014-11-07 17:10:00;CombinedContainers;2014-11-07 18:22:51
BPA_1027703;OCGU 807368/5;53-BIS-0;Pick up;FINISHED;2014-11-07 17:55:09;2014-11-07 17:55:09;CombinedContainers;2014-11-07 16:23:37
BPA_111988;FCIU 568671/6;20-BXU-6;Pick up;FINISHED;2014-11-11 13:04:00;2014-11-11 13:04:00;CombinedContainers;2014-11-11 10:44:40
BPA_112136;SEGU 400386/1;86-BID-9;Pick up;FINISHED;2014-11-12 4:38:00;2014-11-12 4:38:00;CombinedContainers;2014-11-11 14:24:55
BPA_111792;CRSU 930641/0;10-BSY-2;Depose;FINISHED;2014-11-10 18:56:00;2014-11-10 18:56:00;CombinedContainers;2014-11-11 9:00:00
BPA_111324;DRYU 228184/6;72-BTI-3;Depose;FINISHED;2014-11-10 11:43:00;2014-11-10 11:43:00;CombinedContainers;2014-11-10 23:00:00
BPA_111829;IPXU 349657/4;42-BJE-0;Pick up;FINISHED;2014-11-10 20:02:00;2014-11-10 20:02:00;CombinedContainers;2014-11-10 6:00:00
BPA_112145;IPXU 313251/0;52-BNT-4;Depose;FINISHED;2014-11-11 17:39:00;2014-11-11 17:39:00;CombinedContainers;2014-11-11 14:39:33
BPA_112146;ZIMU 289516/2;11-BJP-0;Pick up;FINISHED;2014-11-11 18:15:00;2014-11-11 18:15:00;CombinedContainers;2014-11-11 14:39:37
BPA_111553;CBHU 839041/6;17-BFU-6;Depose;FINISHED;2014-11-10 15:44:00;2014-11-10 15:44:00;CombinedContainers;2014-11-11 19:59:00
BPA_111667;DFSU 277554/1;74-BBY-2;Pick up;FINISHED;2014-11-10 15:44:00;2014-11-10 15:44:00;CombinedContainers;2014-11-10 13:51:18
BPA_111270;OOLU 820976/1;74-BBY-2;Pick up;FINISHED;2014-11-10 6:14:00;2014-11-10 6:14:00;CombinedContainers;2014-11-07 13:59:14
BPA_111659;BMOU 286144/2;16-BHT-8;Pick up;FINISHED;2014-11-10 16:21:00;2014-11-10 16:21:00;CombinedContainers;2014-11-10 13:44:18
BPA_111662;MEDU 403565/1;32-BZR-5;Pick up;FINISHED;2014-11-11 10:30:00;2014-11-11 10:30:00;CombinedContainers;2014-11-10 13:48:18
BPA_111721;DRYU 915094/0;42-BJE-0;Depose;FINISHED;2014-11-10 17:25:00;2014-11-10 17:25:00;CombinedContainers;2014-11-12 12:00:00
BPA_111722;NYKU 314863/9;86-BID-9;Pick up;FINISHED;2014-11-10 18:40:00;2014-11-10 18:40:00;CombinedContainers;2014-11-10 15:07:19
BPA_111403;OOLU 138645/1;82-BDB-4;Pick up;FINISHED;2014-11-10 7:27:00;2014-11-10 7:27:00;CombinedContainers;2014-11-07 17:04:29
BPA_111252;DFSU 674459/6;12-BLK-7;Pick up;FINISHED;2014-11-10 6:01:00;2014-11-10 6:01:00;CombinedContainers;2014-11-07 13:39:14
BPA_111952;EGHU 307920/7;20-BXU-6;Pick up;FINISHED;2014-11-11 11:08:00;2014-11-11 11:08:00;CombinedContainers;2014-11-11 8:54:36
BPA_111678;MSCU 915272/0;95-BJL-3;Depose;FINISHED;2014-11-11 10:59:00;2014-11-11 10:59:00;CombinedContainers;2014-11-13 0:00:00
BPA_111538;TCLU 405234/0;55-BKA-3;Depose;FINISHED;2014-11-10 8:49:00;2014-11-10 8:49:00;CombinedContainers;2014-11-10 7:33:30
BPA_111972;UESU 450851/2;19-BQW-6;Depose;FINISHED;2014-11-11 14:20:00;2014-11-11 14:20:00;CombinedContainers;2014-11-11 21:00:00
BPA_112125;DFSU 427577/7;73-BHS-1;Pick up;FINISHED;2014-11-11 15:07:00;2014-11-11 15:07:00;CombinedContainers;2014-11-11 14:18:03
BPA_111719;TCLU 557769/4;73-BOL-5;Depose;FINISHED;2014-11-10 17:06:00;2014-11-10 17:06:00;CombinedContainers;2014-11-11 9:00:00
BPA_111996;GVCU 520348/2;58-BMA-8;Depose;FINISHED;2014-11-11 16:19:00;2014-11-11 16:19:00;CombinedContainers;2014-11-11 21:00:00
BPA_111284;TCNU 899309/6;12-BLK-7;Pick up;FINISHED;2014-11-10 5:31:00;2014-11-10 5:31:00;CombinedContainers;2014-11-07 14:29:15
BPA_111354;CRSU 131729/6;98-BSS-6;Pick up;FINISHED;2014-11-10 6:00:00;2014-11-10 6:00:00;CombinedContainers;2014-11-07 16:22:30
BPA_111848;HCSU 970810/0;17-BFU-6;Pick up;FINISHED;2014-11-11 15:26:00;2014-11-11 15:26:00;CombinedContainers;2014-11-10 16:35:52
BPA_111962;SEGU 144698/0;50-BOS-7;Pick up;FINISHED;2014-11-11 12:17:00;2014-11-11 12:17:00;CombinedContainers;2014-11-11 9:02:45
BPA_112191;APZU 492239/6;91-BJM-7;Pick up;FINISHED;2014-11-12 5:21:00;2014-11-12 5:21:00;CombinedContainers;2014-11-11 15:06:30
BPA_111902;HGTU 240368/8;38-BOF-0;Pick up;FINISHED;2014-11-11 9:06:00;2014-11-11 9:06:00;CombinedContainers;2014-11-10 17:58:22
BPA_111448;HCSU 970807/6;11-BJP-0;Pick up;FINISHED;2014-11-10 6:10:00;2014-11-10 6:10:00;CombinedContainers;2014-11-07 17:24:28
BPA_111904;CRXU 861895/0;75-BUV-8;Pick up;FINISHED;2014-11-11 14:06:00;2014-11-11 14:06:00;CombinedContainers;2014-11-10 17:59:22
BPA_111890;HOTU 161233/4;50-BOS-7;Depose;FINISHED;2014-11-11 21:00:00;2014-11-11 21:00:00;CombinedContainers;2014-11-15 12:00:00
BPA_111696;DFSU 277795/0;83-BZS-7;Pick up;FINISHED;2014-11-10 15:38:00;2014-11-10 15:38:00;CombinedContainers;2014-11-10 14:08:29
BPA_112070;FCIU 538317/6;69-BZX-6;Pick up;FINISHED;2014-11-11 16:07:00;2014-11-11 16:07:00;CombinedContainers;2014-11-11 13:20:50
BPA_1027763;EGSU 502376/7;73-BHS-1;Depose;FINISHED;2014-11-10 10:23:10;2014-11-10 10:23:10;CombinedContainers;2014-11-11 22:00:00
BPA_1027814;OOLU 731948/7;38-BOF-0;Additional stop;FINISHED;2014-11-10 13:33:16;2014-11-10 13:33:16;CombinedContainers;2014-11-10 6:00:00
BPA_1028045;SZLU 965254/8;43-BVG-8;Depose;FINISHED;2014-11-11 18:50:53;2014-11-11 18:50:53;CombinedContainers;2014-11-11 12:37:53
BPA_1027937;TEMU 923071/4;25-BAE-4;Depose;FINISHED;2014-11-11 13:29:16;2014-11-11 13:29:16;CombinedContainers;2014-11-10 16:47:37
BPA_1028007;HDMU 549141/8;98-BSS-6;Depose;FINISHED;2014-11-11 16:16:41;2014-11-11 16:16:41;CombinedContainers;2014-11-11 11:13:52
BPA_1027926;MRKU 874995/6;67-BAB-3;Depose;FINISHED;2014-11-11 11:51:40;2014-11-11 11:51:40;CombinedContainers;2014-11-10 16:27:39
BPA_1027923;PONU 292751/7;97-BOV-1;Depose;FINISHED;2014-11-11 11:24:52;2014-11-11 11:24:52;CombinedContainers;2014-11-10 16:27:36
BPA_1027987;SZLU 965307/7;86-BID-9;Depose;FINISHED;2014-11-11 18:32:31;2014-11-11 18:32:31;CombinedContainers;2014-11-11 9:09:50
BPA_1027684;PONU 822175/0;24-BMD-6;Depose;FINISHED;2014-11-10 13:57:02;2014-11-10 13:57:02;CombinedContainers;2014-11-07 15:05:39
BPA_1028024;CONTAINER_ID;20-BXU-6;Depose;FINISHED;2014-11-11 12:56:58;2014-11-11 12:56:58;CombinedContainers;2014-11-11 11:42:00
BPA_1027766;EGHU 500805/4;43-BVG-8;Depose;FINISHED;2014-11-10 16:47:49;2014-11-10 16:47:49;CombinedContainers;2014-11-07 18:26:45
BPA_1027849;TGHU 928634/0;69-BZX-6;Pick up;FINISHED;2014-11-10 16:29:14;2014-11-10 16:29:14;CombinedContainers;2014-11-10 14:04:33
BPA_1027685;EISU 995422/6;98-BSS-6;Pick up;FINISHED;2014-11-10 9:19:54;2014-11-10 9:19:54;CombinedContainers;2014-11-07 15:13:37
BPA_1028010;OOLU 643398/3;72-BTI-3;Depose;FINISHED;2014-11-11 20:21:16;2014-11-11 20:21:16;CombinedContainers;2014-11-11 11:18:52
BPA_1027823;TCLU 130138/9;32-BZR-5;Depose;FINISHED;2014-11-11 12:13:29;2014-11-11 12:13:29;CombinedContainers;2014-11-10 12:53:34
BPA_1027999;HDMU 551275/8;76-BTE-8;Depose;FINISHED;2014-11-11 19:38:01;2014-11-11 19:38:01;CombinedContainers;2014-11-11 10:16:52
BPA_1027858;SZLU 982383/0;98-BSS-6;Depose;FINISHED;2014-11-11 12:13:35;2014-11-11 12:13:35;CombinedContainers;2014-11-10 14:18:36
BPA_1028021;BMOU 979650/2;32-BZR-5;Depose;FINISHED;2014-11-11 17:59:19;2014-11-11 17:59:19;CombinedContainers;2014-11-11 11:41:57
BPA_1027799;MSKU 457418/9;55-BKA-3;Pick up;FINISHED;2014-11-10 12:46:06;2014-11-10 12:46:06;CombinedContainers;2014-11-10 11:29:31
BPA_1027990;MWMU 645343/7;42-BJE-0;Depose;FINISHED;2014-11-11 13:37:07;2014-11-11 13:37:07;CombinedContainers;2014-11-12 0:00:00
BPA_1027931;HDMU 559137/7;72-BTI-3;Depose;FINISHED;2014-11-11 10:16:10;2014-11-11 10:16:10;CombinedContainers;2014-11-10 16:43:38
BPA_1027596;BMOU 940071/4;87-BVN-9;Depose;FINISHED;2014-11-10 4:32:36;2014-11-10 4:32:36;CombinedContainers;2014-11-07 8:37:34
BPA_1027708;MRKU 235749/6;51-BLD-9;Pick up;FINISHED;2014-11-10 4:42:26;2014-11-10 4:42:26;CombinedContainers;2014-11-07 16:24:41
BPA_1027679;HDMU 261871/0;72-BTI-3;Pick up;FINISHED;2014-11-10 6:31:29;2014-11-10 6:31:29;CombinedContainers;2014-11-07 14:58:43
BPA_1027920;MRKU 281147/0;51-BLD-9;Depose;FINISHED;2014-11-11 18:37:15;2014-11-11 18:37:15;CombinedContainers;2014-11-15 3:00:00
BPA_1027927;CETU 800179/6;77-BEW-5;Pick up;FINISHED;2014-11-10 19:07:54;2014-11-10 19:07:54;CombinedContainers;2014-11-10 16:40:34
BPA_1027735;DFSU 689642/8;55-BKA-3;Pick up;FINISHED;2014-11-10 13:10:16;2014-11-10 13:10:16;CombinedContainers;2014-11-07 17:18:38
BPA_1027900;MEDU 896190/1;12-BLK-7;Pick up;FINISHED;2014-11-10 18:31:48;2014-11-10 18:31:48;CombinedContainers;2014-11-10 15:57:34
BPA_1027737;MSKU 200602/4;76-BTE-8;Pick up;FINISHED;2014-11-10 13:09:31;2014-11-10 13:09:31;CombinedContainers;2014-11-07 17:18:41
BPA_1028345;MRKU 941340/0;61-BOF-0;Depose;FINISHED;2014-11-13 11:35:00;2014-11-13 11:35:00;CombinedContainers;2014-11-15 3:00:00
BPA_1028338;EXFU 055538/0;75-BUV-8;Depose;FINISHED;2014-11-12 17:37:00;2014-11-12 17:37:00;CombinedContainers;2014-11-14 23:00:00
BPA_1028294;MNBU 003444/7;95-BJL-3;Depose;FINISHED;2014-11-13 16:09:02;2014-11-13 16:09:02;CombinedContainers;2014-11-17 14:00:00
BPA_112515;FCIU 538317/6;25-BAE-4;Depose;FINISHED;2014-11-13 15:58:00;2014-11-13 15:58:00;CombinedContainers;2014-11-13 15:42:26
BPA_112864;GLDU 955320/3;10-BSY-2;Pick up;FINISHED;2014-11-13 16:27:00;2014-11-13 16:27:00;CombinedContainers;2014-11-13 15:42:26
BPA_1028289;CMAU 036309/0;20-BXU-6;Depose;FINISHED;2014-11-13 16:14:00;2014-11-13 16:14:00;CombinedContainers;2014-11-14 16:30:00
BPA_112863;EITU 036210/6;42-BJE-0;Depose;FINISHED;2014-11-13 16:29:00;2014-11-13 16:29:00;CombinedContainers;2014-11-13 14:40:07
BPA_1028286;MRKU 908454/1;25-BAE-4;Depose;FINISHED;2014-11-13 16:53:19;2014-11-13 16:53:19;CombinedContainers;2014-11-14 17:00:00
BPA_1028506;PGTU 913828/6;58-BMA-8;Depose;FINISHED;2014-11-13 16:35:05;2014-11-13 16:35:05;CombinedContainers;2014-11-14 20:00:00
BPA_1028543;TCLU 482137/9;75-BUV-8;Pick up;FINISHED;2014-11-13 17:09:39;2014-11-13 17:09:39;CombinedContainers;2014-11-13 15:56:31
BPA_1028355;PONU 289663/2;50-BOS-7;Depose;FINISHED;2014-11-13 17:17:14;2014-11-13 17:17:14;CombinedContainers;2014-11-18 0:00:00
BPA_1028523;MRKU 495288/3;#REF!;Pick up;FINISHED;2014-11-13 17:42:28;2014-11-13 17:42:28;CombinedContainers;2014-11-13 16:22:57
BPA_112396;HOYU 211379/5;15-BTE-0;Depose;FINISHED;2014-11-13 18:04:00;2014-11-13 18:04:00;CombinedContainers;2014-11-13 23:00:00
BPA_112394;HOYU 211276/2;65-BIA-4;Depose;FINISHED;2014-11-13 18:30:00;2014-11-13 18:30:00;CombinedContainers;2014-11-13 23:00:00
BPA_112917;CXRU 112044/9;60-BZS-4;Depose;FINISHED;2014-11-14 9:47:00;2014-11-14 9:47:00;CombinedContainers;2014-11-14 21:00:00
BPA_112901;TRHU 240607/1;73-BHS-1;Pick up;FINISHED;2014-11-13 18:54:00;2014-11-13 18:54:00;CombinedContainers;2014-11-13 15:22:14
BPA_112851;NYKU 362124/8;91-BJM-7;Depose;FINISHED;2014-11-14 5:32:00;2014-11-14 5:32:00;CombinedContainers;2014-11-14 20:59:00
BPA_113104;CMAU 170883/2;97-BOV-1;Pick up;FINISHED;2014-11-14 6:01:00;2014-11-14 6:01:00;CombinedContainers;2014-11-13 17:51:48
BPA_1028028;TEMU 652724/7;45-BUE-2;Depose;FINISHED;2014-11-14 6:55:27;2014-11-14 6:55:27;CombinedContainers;2014-11-11 11:49:53
BPA_1028463;OOLU 206310/8;97-BOV-1;Depose;FINISHED;2014-11-13 18:30:13;2014-11-13 18:30:13;CombinedContainers;2014-11-13 12:00:00
BPA_1028542;MRKU 344386/0;83-BMD-6;Depose;FINISHED;2014-11-14 9:43:01;2014-11-14 9:43:01;CombinedContainers;2014-11-13 15:55:34
BPA_1028591;HLXU 824854/6;#REF!;Depose;FINISHED;2014-11-14 11:50:40;2014-11-14 11:50:40;CombinedContainers;2014-11-17 12:00:00
BPA_113044;CXDU 207695/8;45-BUE-2;Depose;FINISHED;2014-11-14 11:56:00;2014-11-14 11:56:00;CombinedContainers;2014-11-16 12:00:00
BPA_113153;OOLU 781772/5;32-BZR-5;Pick up;FINISHED;2014-11-14 12:20:00;2014-11-14 12:20:00;CombinedContainers;2014-11-14 10:20:15
BPA_1028685;EXFU 056054/0;16-BHT-8;Depose;FINISHED;2014-11-14 12:41:15;2014-11-14 12:41:15;CombinedContainers;2014-11-14 23:00:00
BPA_112894;MSCU 731182/3;75-BUV-8;Depose;FINISHED;2014-11-14 12:21:00;2014-11-14 12:21:00;CombinedContainers;2014-11-14 12:11:00
BPA_112911;CRLU 132036/0;91-BJM-7;Depose;FINISHED;2014-11-14 13:30:00;2014-11-14 13:30:00;CombinedContainers;2014-11-14 13:28:54
BPA_113218;FCIU 456571/0;25-BAE-4;Pick up;FINISHED;2014-11-14 15:43:00;2014-11-14 15:43:00;CombinedContainers;2014-11-14 14:00:20
BPA_113133;SZLU 902579/0;43-BVG-8;Depose;FINISHED;2014-11-14 15:43:00;2014-11-14 15:43:00;CombinedContainers;2014-11-14 21:00:00
BPA_1028598;MSKU 992117/2;73-BOL-5;Depose;BUSY;2014-11-14 16:06:19;2014-11-14 16:06:19;CombinedContainers;2014-11-13 16:45:43
BPA_1028769;TTNU 800361/6;77-BEW-5;Depose;FINISHED;2014-11-14 15:27:39;2014-11-14 15:27:39;CombinedContainers;2014-11-18 14:00:00
BPA_113195;TGHU 745420/8;38-BOF-0;Depose;FINISHED;2014-11-14 14:41:00;2014-11-14 14:41:00;CombinedContainers;2014-11-28 0:00:00
BPA_113141;CRSU 615280/9;35-BLC-5;Depose;FINISHED;2014-11-14 16:18:00;2014-11-14 16:18:00;CombinedContainers;2014-11-14 21:00:00
BPA_113230;MEDU 432109/0;11-BJP-0;Pick up;BUSY;2014-11-14 16:59:00;2014-11-14 16:59:00;CombinedContainers;2014-11-14 14:01:49
BPA_1028608;TRIU 874020/1;91-BJM-7;Depose;FINISHED;2014-11-14 17:29:01;2014-11-14 17:29:01;CombinedContainers;2014-11-14 23:00:00
BPA_113029;TEMU 263151/0;73-BOL-5;Depose;FINISHED;2014-11-14 17:10:00;2014-11-14 17:10:00;CombinedContainers;2014-11-18 0:00:00
BPA_113094;TRHU 253802/0;67-BAB-3;Depose;FINISHED;2014-11-14 18:44:00;2014-11-14 18:44:00;CombinedContainers;2014-11-18 0:00:00
BPA_113361;MGNU 331269/4;95-BJL-3;Depose;FINISHED;2014-11-14 18:36:00;2014-11-14 18:36:00;CombinedContainers;2014-11-14 21:00:00
BPA_1028446;MORU 132976/5;52-BNT-4;Depose;FINISHED;2014-11-15 7:04:09;2014-11-15 7:04:09;CombinedContainers;2014-11-15 7:06:36
BPA_113477;TRLU 723484/1;60-BZS-4;Pick up;FINISHED;2014-11-17 4:59:00;2014-11-17 4:59:00;CombinedContainers;2014-11-14 19:08:40
BPA_113294;CRSU 933080/1;69-BZX-6;Pick up;FINISHED;2014-11-17 5:13:00;2014-11-17 5:13:00;CombinedContainers;2014-11-14 15:04:21
BPA_113436;TCLU 872757/1;58-BMA-8;Pick up;FINISHED;2014-11-17 5:01:00;2014-11-17 5:01:00;CombinedContainers;2014-11-14 17:45:24
BPA_1028796;MRKU 263590/9;98-BSS-6;Depose;BUSY;2014-11-17 6:39:52;2014-11-17 6:39:52;CombinedContainers;2014-11-19 0:00:00
BPA_113440;CAIU 853679/5;83-BMD-6;Depose;FINISHED;2014-11-17 7:45:00;2014-11-17 7:45:00;CombinedContainers;2014-11-17 12:00:00
BPA_113497;WHLU 577253/8;97-BOV-1;Pick up;FINISHED;2014-11-17 7:51:00;2014-11-17 7:51:00;CombinedContainers;2014-11-17 7:34:45
BPA_113516;CRXU 862734/0;69-BZX-6;Pick up;FINISHED;2014-11-17 8:37:00;2014-11-17 8:37:00;CombinedContainers;2014-11-17 8:36:32
BPA_113515;GESU 420600/0;15-BTE-0;Depose;FINISHED;2014-11-17 8:38:00;2014-11-17 8:38:00;CombinedContainers;2014-11-28 0:00:00
BPA_113519;TIFU 348645/6;15-BTE-0;Pick up;FINISHED;2014-11-17 9:00:00;2014-11-17 9:00:00;CombinedContainers;2014-11-17 9:38:17
BPA_112834;MOFU 046729/5;83-BZS-7;Depose;FINISHED;2014-11-17 9:33:00;2014-11-17 9:33:00;CombinedContainers;2014-11-17 23:00:00
BPA_113522;TCLU 901194/0;69-BZX-6;Pick up;FINISHED;2014-11-17 10:11:00;2014-11-17 10:11:00;CombinedContainers;2014-11-17 8:37:29
BPA_113252;CLHU 443278/7;69-BZX-6;Depose;FINISHED;2014-11-17 11:20:00;2014-11-17 11:20:00;CombinedContainers;2014-11-17 11:04:47
BPA_1028688;MRKU 086003/2;77-BEW-5;Depose;BUSY;2014-11-17 11:24:05;2014-11-17 11:24:05;CombinedContainers;2014-11-14 10:52:48
BPA_113556;CGMU 501323/5;25-BAE-4;Pick up;FINISHED;2014-11-17 11:23:00;2014-11-17 11:23:00;CombinedContainers;2014-11-17 18:00:00
BPA_1028806;HDMU 555599/7;60-BZS-4;Depose;BUSY;2014-11-17 12:09:36;2014-11-17 12:09:36;CombinedContainers;2014-11-17 12:22:33
BPA_1028833;CAIU 552005/4;61-BOF-0;Depose;BUSY;2014-11-17 12:51:10;2014-11-17 12:51:10;CombinedContainers;2014-11-17 12:53:58
BPA_1028794;EMCU 526781/0;10-BLG-2;Depose;FINISHED;2014-11-17 13:31:26;2014-11-17 13:31:26;CombinedContainers;2014-11-18 22:00:00
BPA_1028836;BMOU 940148/0;45-BUE-2;Depose;BUSY;2014-11-17 13:09:24;2014-11-17 13:09:24;CombinedContainers;2014-11-14 16:31:57
BPA_1028820;CAIU 551088/4;66-BMZ-2;Depose;BUSY;2014-11-17 13:52:02;2014-11-17 13:52:02;CombinedContainers;2014-11-17 13:59:06
BPA_1028869;MSKU 827822/5;14-BFU-7;Depose;BUSY;2014-11-17 14:17:09;2014-11-17 14:17:09;CombinedContainers;2014-11-14 17:13:54
BPA_109586;CAXU 678024/8;73-BOL-5;Depose;BUSY;2014-11-05 13:35:00;2014-11-05 13:35:00;CombinedContainers;2014-11-04 21:00:00
BPA_103948;NYKU 355069/5;76-BTE-8;Pick up;FINISHED;2014-10-13 14:43:00;2014-10-13 14:43:00;CombinedContainers;2014-10-13 15:10:24
BPA_103890;YMLU 336104/2;76-BTE-8;Depose;BUSY;2014-10-13 17:08:00;2014-10-13 17:08:00;CombinedContainers;2014-10-13 0:00:00
BPA_104100;YMLU 359225/2;65-BIA-4;Pick up;FINISHED;2014-10-13 18:12:00;2014-10-13 18:12:00;CombinedContainers;2014-10-13 17:57:54
BPA_103862;INBU 399876/1;86-BID-9;Depose;FINISHED;2014-10-13 18:36:00;2014-10-13 18:36:00;CombinedContainers;2014-10-13 0:00:00
BPA_104021;APHU 633476/3;66-BMZ-2;Pick up;FINISHED;2014-10-13 17:04:00;2014-10-13 17:04:00;CombinedContainers;2014-10-13 16:49:54
BPA_104143;UNIU 600175/7;#REF!;Depose;FINISHED;2014-10-15 21:07:00;2014-10-15 21:07:00;CombinedContainers;2014-10-15 16:00:00
BPA_104568;PGRU 411619/0;11-BJP-0;Pick up;FINISHED;2014-10-15 13:07:00;2014-10-15 13:07:00;CombinedContainers;2014-10-15 13:14:33
BPA_104708;TCNU 891467/2;35-BLC-5;Pick up;FINISHED;2014-10-15 16:36:00;2014-10-15 16:36:00;CombinedContainers;2014-10-15 16:38:41
BPA_104324;ECMU 426720/3;87-BVN-9;Depose;FINISHED;2014-10-15 11:47:00;2014-10-15 11:47:00;CombinedContainers;2014-10-17 20:00:00
BPA_104378;CAIU 367966/4;53-BIS-0;Depose;FINISHED;2014-10-15 13:51:00;2014-10-15 13:51:00;CombinedContainers;2014-10-17 23:00:00
BPA_104732;DRYU 268795/9;67-BAB-3;Depose;FINISHED;2014-10-17 11:24:00;2014-10-17 11:24:00;CombinedContainers;2014-10-17 12:07:12
BPA_104847;MOFU 071777/4;73-BOL-5;Pick up;FINISHED;2014-10-16 10:51:00;2014-10-16 10:51:00;CombinedContainers;2014-10-16 10:21:28
BPA_104508;TCLU 669185/0;19-BQW-6;Pick up;FINISHED;2014-10-15 10:12:00;2014-10-15 10:12:00;CombinedContainers;2014-10-15 8:37:27
BPA_104305;CAXU 730890/9;24-BMD-6;Depose;FINISHED;2014-10-15 11:43:00;2014-10-15 11:43:00;CombinedContainers;2014-10-17 20:00:00
BPA_104546;TCNU 542224/1;69-BZX-6;Depose;FINISHED;2014-10-15 18:16:00;2014-10-15 18:16:00;CombinedContainers;2014-10-15 20:59:00
BPA_104375;MEDU 217561/2;74-BBY-2;Depose;FINISHED;2014-10-15 16:06:00;2014-10-15 16:06:00;CombinedContainers;2014-10-17 6:00:00
BPA_104632;OOLU 012533/0;24-BMD-6;Pick up;FINISHED;2014-10-15 16:23:00;2014-10-15 16:23:00;CombinedContainers;2014-10-15 14:43:08
BPA_104693;TCNU 539593/2;91-BJM-7;Pick up;FINISHED;2014-10-15 19:15:00;2014-10-15 19:15:00;CombinedContainers;2014-10-15 16:08:36
BPA_104650;TCKU 294153/1;14-BFU-7;Pick up;FINISHED;2014-10-15 17:31:00;2014-10-15 17:31:00;CombinedContainers;2014-10-15 15:06:35
BPA_104605;MAGU 534572/0;10-BLG-2;Depose;FINISHED;2014-10-16 14:14:00;2014-10-16 14:14:00;CombinedContainers;2014-10-15 14:13:42
BPA_104681;TEMU 655980/9;42-BJE-0;Depose;FINISHED;2014-10-16 14:37:00;2014-10-16 14:37:00;CombinedContainers;2014-10-15 15:41:48
BPA_104853;MEDU 340895/6;14-BFU-7;Depose;FINISHED;2014-10-16 15:35:00;2014-10-16 15:35:00;CombinedContainers;2014-10-17 12:00:00
BPA_104961;CSLU 113599/7;35-BLC-5;Pick up;FINISHED;2014-10-16 18:40:00;2014-10-16 18:40:00;CombinedContainers;2014-10-16 14:50:11
BPA_105145;CONTAINER_ID;55-BKA-3;Pick up;FINISHED;2014-10-17 7:52:00;2014-10-17 7:52:00;CombinedContainers;2014-10-16 17:40:10
BPA_105024;EGSU 310398/7;83-BMD-6;Depose;FINISHED;2014-10-17 9:21:00;2014-10-17 9:21:00;CombinedContainers;2000-01-01 0:00:00
BPA_105187;TRLU 171880/7;82-BDB-4;Depose;FINISHED;2014-10-17 10:27:00;2014-10-17 10:27:00;CombinedContainers;2014-10-17 10:34:50
BPA_105036;MSCU 473912/4;69-BZX-6;Depose;FINISHED;2014-10-17 11:35:00;2014-10-17 11:35:00;CombinedContainers;2014-10-17 11:20:20
BPA_104983;CONTAINER_ID;82-BDB-4;Depose;FINISHED;2014-10-17 5:10:00;2014-10-17 5:10:00;CombinedContainers;2014-10-17 12:04:34
BPA_104429;TTNU 516150/0;12-BLK-7;Depose;FINISHED;2014-10-17 13:01:00;2014-10-17 13:01:00;CombinedContainers;2014-10-15 12:00:56
BPA_105216;TRLU 171963/4;74-BBY-2;Depose;BUSY;2014-10-17 13:20:00;2014-10-17 13:20:00;CombinedContainers;2014-10-17 13:33:57
BPA_105344;TRHU 249894/6;35-BLC-5;Pick up;BUSY;2014-10-17 15:10:00;2014-10-17 15:10:00;CombinedContainers;2014-10-17 15:16:32
BPA_104787;TEMU 506723/4;73-BHS-1;Depose;FINISHED;2014-10-16 15:38:00;2014-10-16 15:38:00;CombinedContainers;2000-01-01 0:00:00
BPA_105228;TRLU 172646/4;65-BIA-4;Depose;BUSY;2014-10-17 15:14:00;2014-10-17 15:14:00;CombinedContainers;2014-10-17 14:56:25
BPA_105297;MAXU 244206/8;45-BUE-2;Pick up;BUSY;2014-10-17 16:15:00;2014-10-17 16:15:00;CombinedContainers;2000-01-01 0:00:00
BPA_105147;MAGU 488848/7;60-BZS-4;Depose;FINISHED;2014-10-17 18:04:00;2014-10-17 18:04:00;CombinedContainers;2014-10-17 17:54:19
BPA_105240;TRLU 172057/4;35-BLC-5;Depose;FINISHED;2014-10-17 17:45:00;2014-10-17 17:45:00;CombinedContainers;2000-01-01 0:00:00
BPA_105341;GLDU 575771/8;35-BLC-5;Pick up;FINISHED;2014-10-17 17:01:00;2014-10-17 17:01:00;CombinedContainers;2014-10-17 17:12:33
BPA_105237;TRLU 172011/0;91-BJM-7;Depose;FINISHED;2014-10-17 18:45:00;2014-10-17 18:45:00;CombinedContainers;2014-10-17 18:38:40
BPA_105407;HLXU 110653/4;15-BTE-0;Pick up;FINISHED;2014-10-19 21:23:00;2014-10-19 21:23:00;CombinedContainers;2000-01-01 0:00:00
BPA_105262;CRLU 116279/5;86-BID-9;Depose;FINISHED;2014-10-20 12:48:00;2014-10-20 12:48:00;CombinedContainers;2014-10-20 12:38:30
BPA_105322;HOTU 261551/2;72-BTI-3;Depose;BUSY;2014-10-20 12:52:00;2014-10-20 12:52:00;CombinedContainers;2014-10-20 13:07:42
BPA_105622;TIFU 148687/9;16-BHT-8;Pick up;FINISHED;2014-10-20 13:59:00;2014-10-20 13:59:00;CombinedContainers;2000-01-01 0:00:00
BPA_105695;EISU 205867/6;66-BMZ-2;Pick up;FINISHED;2014-10-20 14:27:00;2014-10-20 14:27:00;CombinedContainers;2014-10-20 14:31:17
BPA_105732;KKFU 113089/8;50-BOS-7;Pick up;BUSY;2014-10-20 15:11:00;2014-10-20 15:11:00;CombinedContainers;2014-10-20 15:17:22
BPA_105656;NYKU 820578/9;14-BFU-7;Depose;FINISHED;2014-10-20 15:42:00;2014-10-20 15:42:00;CombinedContainers;2014-10-20 15:30:25
BPA_105367;TRLU 390616/7;73-BOL-5;Depose;FINISHED;2014-10-20 15:07:00;2014-10-20 15:07:00;CombinedContainers;2014-10-17 16:46:43
BPA_105702;EMCU 395188/6;42-BJE-0;Depose;BUSY;2014-10-20 15:53:00;2014-10-20 15:53:00;CombinedContainers;2014-10-20 16:06:41
BPA_105797;EXFU 055469/8;91-BJM-7;Pick up;BUSY;2014-10-20 18:02:00;2014-10-20 18:02:00;CombinedContainers;2000-01-01 0:00:00
BPA_105762;TCNU 948602/8;98-BSS-6;Pick up;FINISHED;2014-10-21 4:50:00;2014-10-21 4:50:00;CombinedContainers;2014-10-21 6:15:09
BPA_105682;ECMU 931517/7;82-BDB-4;Pick up;FINISHED;2014-10-21 5:54:00;2014-10-21 5:54:00;CombinedContainers;2014-10-20 19:29:25
BPA_105722;CAIU 320099/8;42-BJE-0;Pick up;BUSY;2014-10-21 6:14:00;2014-10-21 6:14:00;CombinedContainers;2014-10-21 6:21:09
BPA_105340;SEGU 730835/5;32-BZR-5;Depose;BUSY;2014-10-21 6:38:00;2014-10-21 6:38:00;CombinedContainers;2014-10-21 6:51:55
BPA_106563;MOAU 140259/5;26-BVZ-0;Pick up;FINISHED;2014-10-23 16:04:00;2014-10-23 16:04:00;CombinedContainers;2014-10-23 16:27:32
BPA_106933;KKFU 117173/1;76-BTE-8;Depose;FINISHED;2014-10-24 7:28:00;2014-10-24 7:28:00;CombinedContainers;2000-01-01 0:00:00
BPA_106839;MOAU 058619/0;17-BRY-8;Pick up;FINISHED;2014-10-24 8:42:00;2014-10-24 8:42:00;CombinedContainers;2014-10-23 14:32:49
BPA_107018;AMFU 892942/8;65-BIA-4;Depose;BUSY;2014-10-24 13:04:00;2014-10-24 13:04:00;CombinedContainers;2014-10-24 13:16:18
BPA_107027;AMFU 892923/8;26-BVZ-0;Depose;FINISHED;2014-10-24 13:25:00;2014-10-24 13:25:00;CombinedContainers;2000-01-01 0:00:00
BPA_107176;CPSU 106735/7;38-BOF-0;Pick up;FINISHED;2014-10-24 14:13:00;2014-10-24 14:13:00;CombinedContainers;2000-01-01 0:00:00
BPA_106863;BSIU 251052/5;58-BMA-8;Depose;FINISHED;2014-10-24 14:52:00;2014-10-24 14:52:00;CombinedContainers;2014-10-24 14:55:03
BPA_106873;CAIU 273424/2;25-BAE-4;Depose;FINISHED;2014-10-24 17:22:00;2014-10-24 17:22:00;CombinedContainers;2014-10-24 16:59:35
BPA_106898;TNOU 241074/6;83-BZS-7;Depose;FINISHED;2014-10-24 20:49:00;2014-10-24 20:49:00;CombinedContainers;2014-10-24 20:45:53
BPA_106881;HGTU 150004/5;15-BTE-0;Depose;FINISHED;2014-10-24 21:10:00;2014-10-24 21:10:00;CombinedContainers;2000-01-01 0:00:00
BPA_107096;HOTU 161261/1;69-BZX-6;Depose;FINISHED;2014-10-27 5:37:00;2014-10-27 5:37:00;CombinedContainers;2014-10-25 7:38:03
BPA_107239;CONTAINER_ID;55-BKA-3;Depose;FINISHED;2014-10-24 17:22:00;2014-10-24 17:22:00;CombinedContainers;2014-10-25 13:03:05
BPA_108351;TRLU 584778/3;52-BNT-4;Depose;FINISHED;2014-10-29 13:08:00;2014-10-29 13:08:00;CombinedContainers;2000-01-01 0:00:00
